alpha,beta,result
1,0,esto es una prueba
1,1,ftup ft vob qsvfcb
1,2,guvq gu wpc rtwgdc
1,3,hvwr hv xqd suxhed
1,4,iwxs iw yre tvyife
1,5,jxyt jx zsf uwzjgf
1,6,kyzu ky atg vxakhg
1,7,lzav lz buh wyblih
1,8,mabw ma cvi xzcmji
1,9,nbcx nb dwj yadnkj
1,10,ocdy oc exk zbeolk
1,11,pdez pd fyl acfpml
1,12,qefa qe gzm bdgqnm
1,13,rfgb rf han cehron
1,14,sghc sg ibo dfispo
1,15,thid th jcp egjtqp
1,16,uije ui kdq fhkurq
1,17,vjkf vj ler gilvsr
1,18,wklg wk mfs hjmwts
1,19,xlmh xl ngt iknxut
1,20,ymni ym ohu jloyvu
1,21,znoj zn piv kmpzwv
1,22,aopk ao qjw lnqaxw
1,23,bpql bp rkx morbyx
1,24,cqrm cq sly npsczy
1,25,drsn dr tmz oqtdaz
3,0,mcfq mc ina tzimda
3,1,ndgr nd job uajneb
3,2,oehs oe kpc vbkofc
3,3,pfit pf lqd wclpgd
3,4,qgju qg mre xdmqhe
3,5,rhkv rh nsf yenrif
3,6,silw si otg zfosjg
3,7,tjmx tj puh agptkh
3,8,ukny uk qvi bhquli
3,9,vloz vl rwj cirvmj
3,10,wmpa wm sxk djswnk
3,11,xnqb xn tyl ektxol
3,12,yorc yo uzm fluypm
3,13,zpsd zp van gmvzqn
3,14,aqte aq wbo hnwaro
3,15,bruf br xcp ioxbsp
3,16,csvg cs ydq jpyctq
3,17,dtwh dt zer kqzdur
3,18,euxi eu afs lraevs
3,19,fvyj fv bgt msbfwt
3,20,gwzk gw chu ntcgxu
3,21,hxal hx div oudhyv
3,22,iybm iy ejw pveizw
3,23,jzcn jz fkx qwfjax
3,24,kado ka gly rxgkby
3,25,lbep lb hmz syhlcz
5,0,umrs um wna xhwufa
5,1,vnst vn xob yixvgb
5,2,wotu wo ypc zjywhc
5,3,xpuv xp zqd akzxid
5,4,yqvw yq are blayje
5,5,zrwx zr bsf cmbzkf
5,6,asxy as ctg dncalg
5,7,btyz bt duh eodbmh
5,8,cuza cu evi fpecni
5,9,dvab dv fwj gqfdoj
5,10,ewbc ew gxk hrgepk
5,11,fxcd fx hyl ishfql
5,12,gyde gy izm jtigrm
5,13,hzef hz jan kujhsn
5,14,iafg ia kbo lvkito
5,15,jbgh jb lcp mwljup
5,16,kchi kc mdq nxmkvq
5,17,ldij ld ner oynlwr
5,18,mejk me ofs pzomxs
5,19,nfkl nf pgt qapnyt
5,20,oglm og qhu rbqozu
5,21,phmn ph riv scrpav
5,22,qino qi sjw tdsqbw
5,23,rjop rj tkx uetrcx
5,24,skpq sk uly vfusdy
5,25,tlqr tl vmz wgvtez
7,0,cwdu cw kna bpkcha
7,1,dxev dx lob cqldib
7,2,eyfw ey mpc drmejc
7,3,fzgx fz nqd esnfkd
7,4,gahy ga ore ftogle
7,5,hbiz hb psf guphmf
7,6,icja ic qtg hvqing
7,7,jdkb jd ruh iwrjoh
7,8,kelc ke svi jxskpi
7,9,lfmd lf twj kytlqj
7,10,mgne mg uxk lzumrk
7,11,nhof nh vyl mavnsl
7,12,oipg oi wzm nbwotm
7,13,pjqh pj xan ocxpun
7,14,qkri qk ybo pdyqvo
7,15,rlsj rl zcp qezrwp
7,16,smtk sm adq rfasxq
7,17,tnul tn ber sgbtyr
7,18,uovm uo cfs thcuzs
7,19,vpwn vp dgt uidvat
7,20,wqxo wq ehu vjewbu
7,21,xryp xr fiv wkfxcv
7,22,yszq ys gjw xlgydw
7,23,ztar zt hkx ymhzex
7,24,aubs au ily zniafy
7,25,bvct bv jmz aojbgz
9,0,kgpw kg yna fxykja
9,1,lhqx lh zob gyzlkb
9,2,miry mi apc hzamlc
9,3,njsz nj bqd iabnmd
9,4,okta ok cre jbcone
9,5,plub pl dsf kcdpof
9,6,qmvc qm etg ldeqpg
9,7,rnwd rn fuh mefrqh
9,8,soxe so gvi nfgsri
9,9,tpyf tp hwj oghtsj
9,10,uqzg uq ixk phiutk
9,11,vrah vr jyl qijvul
9,12,wsbi ws kzm rjkwvm
9,13,xtcj xt lan sklxwn
9,14,yudk yu mbo tlmyxo
9,15,zvel zv ncp umnzyp
9,16,awfm aw odq vnoazq
9,17,bxgn bx per wopbar
9,18,cyho cy qfs xpqcbs
9,19,dzip dz rgt yqrdct
9,20,eajq ea shu zrsedu
9,21,fbkr fb tiv astfev
9,22,gcls gc ujw btugfw
9,23,hdmt hd vkx cuvhgx
9,24,ienu ie wly dvwihy
9,25,jfov jf xmz ewxjiz
11,0,sqby sq mna jfmsla
11,1,trcz tr nob kgntmb
11,2,usda us opc lhounc
11,3,vteb vt pqd mipvod
11,4,wufc wu qre njqwpe
11,5,xvgd xv rsf okrxqf
11,6,ywhe yw stg plsyrg
11,7,zxif zx tuh qmtzsh
11,8,ayjg ay uvi rnuati
11,9,bzkh bz vwj sovbuj
11,10,cali ca wxk tpwcvk
11,11,dbmj db xyl uqxdwl
11,12,ecnk ec yzm vryexm
11,13,fdol fd zan wszfyn
11,14,gepm ge abo xtagzo
11,15,hfqn hf bcp yubhap
11,16,igro ig cdq zvcibq
11,17,jhsp jh der awdjcr
11,18,kitq ki efs bxekds
11,19,ljur lj fgt cyflet
11,20,mkvs mk ghu dzgmfu
11,21,nlwt nl hiv eahngv
11,22,omxu om ijw fbiohw
11,23,pnyv pn jkx gcjpix
11,24,qozw qo kly hdkqjy
11,25,rpax rp lmz ielrkz
15,0,ikzc ik ona rvoipa
15,1,jlad jl pob swpjqb
15,2,kmbe km qpc txqkrc
15,3,lncf ln rqd uyrlsd
15,4,modg mo sre vzsmte
15,5,npeh np tsf watnuf
15,6,oqfi oq utg xbuovg
15,7,prgj pr vuh ycvpwh
15,8,qshk qs wvi zdwqxi
15,9,rtil rt xwj aexryj
15,10,sujm su yxk bfyszk
15,11,tvkn tv zyl cgztal
15,12,uwlo uw azm dhaubm
15,13,vxmp vx ban eibvcn
15,14,wynq wy cbo fjcwdo
15,15,xzor xz dcp gkdxep
15,16,yaps ya edq hleyfq
15,17,zbqt zb fer imfzgr
15,18,acru ac gfs jngahs
15,19,bdsv bd hgt kohbit
15,20,cetw ce ihu lpicju
15,21,dfux df jiv mqjdkv
15,22,egvy eg kjw nrkelw
15,23,fhwz fh lkx oslfmx
15,24,gixa gi mly ptmgny
15,25,hjyb hj nmz qunhoz
17,0,qule qu cna vdcqra
17,1,rvmf rv dob wedrsb
17,2,swng sw epc xfestc
17,3,txoh tx fqd ygftud
17,4,uypi uy gre zhguve
17,5,vzqj vz hsf aihvwf
17,6,wark wa itg bjiwxg
17,7,xbsl xb juh ckjxyh
17,8,yctm yc kvi dlkyzi
17,9,zdun zd lwj emlzaj
17,10,aevo ae mxk fnmabk
17,11,bfwp bf nyl gonbcl
17,12,cgxq cg ozm hpocdm
17,13,dhyr dh pan iqpden
17,14,eizs ei qbo jrqefo
17,15,fjat fj rcp ksrfgp
17,16,gkbu gk sdq ltsghq
17,17,hlcv hl ter muthir
17,18,imdw im ufs nvuijs
17,19,jnex jn vgt owvjkt
17,20,kofy ko whu pxwklu
17,21,lpgz lp xiv qyxlmv
17,22,mqha mq yjw rzymnw
17,23,nrib nr zkx saznox
17,24,osjc os aly tbaopy
17,25,ptkd pt bmz ucbpqz
19,0,yexg ye qna zlqyta
19,1,zfyh zf rob amrzub
19,2,agzi ag spc bnsavc
19,3,bhaj bh tqd cotbwd
19,4,cibk ci ure dpucxe
19,5,djcl dj vsf eqvdyf
19,6,ekdm ek wtg frwezg
19,7,flen fl xuh gsxfah
19,8,gmfo gm yvi htygbi
19,9,hngp hn zwj iuzhcj
19,10,iohq io axk jvaidk
19,11,jpir jp byl kwbjel
19,12,kqjs kq czm lxckfm
19,13,lrkt lr dan mydlgn
19,14,mslu ms ebo nzemho
19,15,ntmv nt fcp oafnip
19,16,ounw ou gdq pbgojq
19,17,pvox pv her qchpkr
19,18,qwpy qw ifs rdiqls
19,19,rxqz rx jgt sejrmt
19,20,syra sy khu tfksnu
19,21,tzsb tz liv ugltov
19,22,uatc ua mjw vhmupw
19,23,vbud vb nkx winvqx
19,24,wcve wc oly xjowry
19,25,xdwf xd pmz ykpxsz
21,0,goji go ena dtegva
21,1,hpkj hp fob eufhwb
21,2,iqlk iq gpc fvgixc
21,3,jrml jr hqd gwhjyd
21,4,ksnm ks ire hxikze
21,5,lton lt jsf iyjlaf
21,6,mupo mu ktg jzkmbg
21,7,nvqp nv luh kalnch
21,8,owrq ow mvi lbmodi
21,9,pxsr px nwj mcnpej
21,10,qyts qy oxk ndoqfk
21,11,rzut rz pyl oeprgl
21,12,savu sa qzm pfqshm
21,13,tbwv tb ran qgrtin
21,14,ucxw uc sbo rhsujo
21,15,vdyx vd tcp sitvkp
21,16,wezy we udq tjuwlq
21,17,xfaz xf ver ukvxmr
21,18,ygba yg wfs vlwyns
21,19,zhcb zh xgt wmxzot
21,20,aidc ai yhu xnyapu
21,21,bjed bj ziv yozbqv
21,22,ckfe ck ajw zpacrw
21,23,dlgf dl bkx aqbdsx
21,24,emhg em cly brcety
21,25,fnih fn dmz csdfuz
23,0,oyvk oy sna hbsoxa
23,1,pzwl pz tob ictpyb
23,2,qaxm qa upc jduqzc
23,3,rbyn rb vqd kevrad
23,4,sczo sc wre lfwsbe
23,5,tdap td xsf mgxtcf
23,6,uebq ue ytg nhyudg
23,7,vfcr vf zuh oizveh
23,8,wgds wg avi pjawfi
23,9,xhet xh bwj qkbxgj
23,10,yifu yi cxk rlcyhk
23,11,zjgv zj dyl smdzil
23,12,akhw ak ezm tneajm
23,13,blix bl fan uofbkn
23,14,cmjy cm gbo vpgclo
23,15,dnkz dn hcp wqhdmp
23,16,eola eo idq xrienq
23,17,fpmb fp jer ysjfor
23,18,gqnc gq kfs ztkgps
23,19,hrod hr lgt aulhqt
23,20,ispe is mhu bvmiru
23,21,jtqf jt niv cwnjsv
23,22,kurg ku ojw dxoktw
23,23,lvsh lv pkx eyplux
23,24,mwti mw qly fzqmvy
23,25,nxuj nx rmz garnwz
25,0,wihm wi gna ljgwza
25,1,xjin xj hob mkhxab
25,2,ykjo yk ipc nliybc
25,3,zlkp zl jqd omjzcd
25,4,amlq am kre pnkade
25,5,bnmr bn lsf qolbef
25,6,cons co mtg rpmcfg
25,7,dpot dp nuh sqndgh
25,8,eqpu eq ovi troehi
25,9,frqv fr pwj uspfij
25,10,gsrw gs qxk vtqgjk
25,11,htsx ht ryl wurhkl
25,12,iuty iu szm xvsilm
25,13,jvuz jv tan ywtjmn
25,14,kwva kw ubo zxukno
25,15,lxwb lx vcp ayvlop
25,16,myxc my wdq bzwmpq
25,17,nzyd nz xer caxnqr
25,18,oaze oa yfs dbyors
25,19,pbaf pb zgt eczpst
25,20,qcbg qc ahu fdaqtu
25,21,rdch rd biv gebruv
25,22,sedi se cjw hfcsvw
25,23,tfej tf dkx igdtwx
25,24,ugfk ug ely jheuxy
25,25,vhgl vh fmz kifvyz
